"2023-11-17 16:25:25","Harry potter",176.169.28.227
"2023-11-17 16:26:00","Harry potter",176.169.28.227
"2023-11-17 16:27:04","Albert camus",176.169.28.227
"2023-11-17 16:54:13",l'etranger,2a09:bac5:34d1:ea0::175:61
"2023-11-23 22:43:56",germinal,176.186.21.88
"2023-11-24 12:48:45",rebelle,2a09:bac5:34d7:d2::15:358
"2023-12-06 20:47:49","andrew tate ",2001:861:324b:d1b0:21a0:7683:3aae:6baa
"2023-12-06 20:50:20",germinal,2001:861:324b:d1b0:21a0:7683:3aae:6baa
"2023-12-13 11:43:46","andrew tate",194.167.235.232
"2023-12-14 10:32:41",germinal,194.167.235.232
"2024-01-22 12:39:32",germinal,193.54.115.18
"2024-02-02 11:43:22","le fils du pauvre ",193.54.115.18
"2024-02-02 11:43:32","le fils du pauvre ",193.54.115.18
"2024-02-06 13:30:04",Messi,176.169.28.227
"2024-02-06 13:30:18",Messi,176.169.28.227
"2024-02-07 13:59:18",Messi,176.169.28.227
"2024-02-28 10:11:22","the women",193.54.115.18
"2024-02-28 10:11:24","the women",193.54.115.18
"2024-02-28 10:11:25","the women",193.54.115.18
"2024-02-28 10:11:25","the women",193.54.115.18
"2024-02-28 10:11:26","the women",193.54.115.18
"2024-02-28 10:11:26","the women",193.54.115.18
"2024-02-28 10:11:27","the women",193.54.115.18
"2024-02-28 10:11:28","the women",193.54.115.18
"2024-02-28 10:11:28","the women",193.54.115.18
"2024-02-28 10:12:57","the women",193.54.115.18
"2024-02-29 15:21:21","Mein Kampf",193.54.115.18
"2024-03-10 20:36:05","the women",85.170.237.0
"2024-03-10 20:36:07","the women",85.170.237.0
"2024-03-10 20:36:08","the women",85.170.237.0
"2024-03-10 20:36:09","the women",85.170.237.0
"2024-03-14 14:32:52",Oppenheimer,194.167.235.232
"2024-04-25 17:29:25",germinal,2001:861:324b:d1b0:ad38:3006:2b03:85c5
"2024-04-25 17:30:53",germinal,2001:861:324b:d1b0:ad38:3006:2b03:85c5
